"Key","SourceString","Comment"
"game_newgame","Nueva Partida","Button to start a new game."
"game_savegame","Guardar Partida","Button to save the current game."
"game_loadgame","Cargar Partida","Button to load a game that was previously saved."
"game_loadgame_confirmation","El progreso que no hayas guardado se perderá.","A warning displayed to the player that they will lose unsaved progress on loading."
"game_lastsaved","Último guardado {0}","A hint displayed to the player, stating the time of their last savegame."
"game_newsave","Nuevo guardado","Button to create a new save game."
"game_deletesave","Borrar guardado","Button to delete a saved game."
"game_quicksave","Guardado rápido","Button to quickly save the game."
"game_quickload","Cargado rápido","Button to quickly load the game."
"saveslot_quicksave","Guardado rápido","Title of the 'quicksave' savegame, saved by the player with e.g. a hotkey."
"saveslot_autosave","Autoguardado","Title of the 'autosave' savegame, saved automatically by the game."
"game_continue","Continuar","Button to continue the current game."
"game_storymode","Modo Historia","Button to start the game's story mode."
"game_creativemode","Modo Creativo","Button to start the game's creative mode."
"game_credits","Créditos","Button to show the game's credits."
"game_quit","Salir","Button to quit the entire game."
"game_level","Nivel","Generic term for the player's level, as typically seen in role-playing games."
"game_level_format","Nivel {0}","Generic display of the player's level, as typically seen in role-playing games. The current level (1, 2, 3 .. 39, 40) is inserted for {0}."
"game_rank_format","Rango {0}","Generic display of the player's rank within a given faction, as typically seen in role-playing games. The current rank (0, 1, 2 .. 9) is inserted for {0}."
"game_day_format","Día {0}","Generic display of the in-game day. The current day (1, 2, 3 .. 500, 501 ...) is inserted for {0}."
"game_days_remaining_format","{0} {0}|plural(one=día, other=días) restantes","Generic display of a number of remaining days before an effect or an ongoing event runs out."
"game_days_duration_format","{0} {0}|plural(one=día, other=días)","Generic display of a number of days, e.g. to display a duration for an effect."
"game_playtime","Tiempo de juego:","Generic display of the total real-world time the player has played on a given savegame."
"game_experiencepoints","EXP","Generic term (short!) for the player's experience points, as typically seen in role-playing games."
"game_wealth","Riqueza","Generic term for the players wealth, i.e. how much money is available."
"game_reputation","Reputación","Generic term for the player's reputation with a faction."
"game_reputation_format","{0} Reputación","Reputation displayed with a number."
"game_reputation_threshold_format","{0}/{1} Reputación","Reputation displayed with a current number {0} and a threshold/goal to reach {1}."
"game_actionpoints","Puntos de Acción","General term for Action Points the player can spend on doing certain actions."
"game_currency","Dinero","General term for the owned money."
"game_thalers","Thalers","In-game term for the currency."
"game_dailyupkeep","Mantenimiento diario","General term for the amount of currency the player has to pay per day."
"game_valuedisplay","{0}: {1}","General display of values, e.g. ""XP: 400"" or ""Finesse: 3"""
"game_contextdisplay","{0} – {1}","General display of two things in context, e.g. ""Day 5 – Morning"" or ""Some Faction – Rank 2"""
"pausemenu_continue","Continuar","Button in pause menu to continue playing the game."
"pausemenu_tutorial","Mostrar Tutorial","Button in pause menu to show the tutorial."
"pausemenu_options","Opciones","Button in pause menu to show the options."
"pausemenu_exit","Salir al menú principal","Button in pause menu to exit to main menu."
"pausemenu_quit","Salir del juego","Button in pause menu to quit the game."
"credits_thankyou","Traducción: AkaMomo","Thank the player for supporting the game at the end of the credits."
"generic_okay","Vale","Generic button caption to confirm"
"generic_yes","Sí","Generic button caption to confirm"
"generic_no","No","Generic button caption to decline"
"generic_back","Atrás","Generic button caption to go back"
"generic_goback","Volver","Generic button caption to go back"
"generic_cancel","Cancelar","Generic button caption to cancel/decline an action"
"generic_later","Luego","Generic button caption to defer a decision"
"generic_thankyou","¡Gracias!","Generic thanks, e.g. when the player has filled out feedback forms, subscribed to the newsletter etc."
"compatibility_skilltreechanged","El árbol de habilidades ha cambiado desde la última vez que jugaste. Se han devuelto tus puntos de habilidad.","Displayed to the player when loading an older savegame."
"feedbacksurvey_title","¡Nos gustaría saber que piensas!","Text for inviting players to give us feedback on the game."
"feedbacksurvey_button","Abrir la encuesta","Button to open the external feedback form."
"creativemode_button_forgeblade","+ Forjar Espada","Button to start forging a new blade in Creative Mode."
"creativemode_timedbutton_delete","Mantén para borrar","Button to delete a sword in Creative Mode. The players needs to hold this button for some time before the sword is deleted."
"creativemode_magicwords_paste","Pega las Palabras Mágicas,"Note to player to paste a share code (called magic words in the game) in Creative Mode."
"creativemode_magicwords_description",Compartir una espada desde dentro del juego genera <asc>Palabras Mágicas</>.
¡Cópialas aquí para generar una copia exacta de la espada!","A hint displayed to the player explaining how sharing works. Please keep the <asc></> formatting tag intact."
"creativemode_button_conjure","Conjurar","Button to open the sword in Creative Mode based on the pasted magic words."
"campaignmode_welcome_title","Bienvenido a BLADESONG","Welcome message when starting management mode."
"campaignmode_welcome_button_start","Empezar a jugar","Button in the Story Mode's welcome message to start playing now."
"campaignmode_text_newday","Amanece un nuevo día","Information that a new day in Story Mode is beginning."
"campaignmode_title_commissions","Encargos","Title of the commission section in Story Mode, where players see the current customer orders."
"campaignmode_title_events","Eventos","Title of the section in Story Mode where notable current events are listed, e.g. an orphan begging in front of the shop."
"campaignmode_title_workshop","Taller","Title of the workshop section in Story Mode, where players find their in-progress blades."
"campaignmode_title_factions","Facciones","Title of a window in Story Mode displaying encountered factions, i.e. in-universe groups the player can gather reputation with."
"campaignmode_title_journal","Diario","Title of the player's journal, tracking quest progress."
"campaignmode_title_quests","Misiones","Title of a list of the player's quests/activities."
"campaignmode_title_quests_active","Activo",""
"campaignmode_title_quests_onhold","En Espera",""
"campaignmode_title_quests_finished","Acabado",""
"campaignmode_title_finishedpieces","Piezas Acabadas","Title of the piece inventory in Story Mode, showing the finished pieces (i.e. swords) the player has made."
"campaignmode_title_hired","Personajes Contratados","Title of the hired characters section in Story Mode, where players see the characters they have already hired to work in the forge."
"campaignmode_title_vendors","Comerciantes","Title of the vendors section in Story Mode, where swordpart vendors are available."
"campaignmode_title_swordparts","Partes","Title of the sword parts/inventory section in Story Mode, where owned sword parts are shown in the player inventory."
"campaignmode_button_learn","Aprender nuevas Partes","Button inside swordpart/inventory window in Story Mode, to learn new swordpart ""blueprints."""
"campaignmode_title_learnandimprove","Aprender y Mejorar","Title of the skill tree window in campaign mode, where access to skill tree and earned skill points are shown."
"campaignmode_vendor_visit","Visitar","Text on button to visit the vendor and trade."
"campaignmode_openskilltree","Árbol de Habilidades","Text on button to open the skill tree."
"campaignmode_display_day","Día","Title of the display that shows the current day in Story Mode."
"campaignmode_display_actionpointshint","Puntos de Acción:","Value to show the player's remaining action points."
"campaignmode_endtheday","Terminar día","Text of button where player choose to end the current day / close the shop for the day."
"campaignmode_timedevent_lastday","Último día","Display the number of days left on a timed event (e.g. a commission). This string is only used in case this is the last day before the event runs out."
"campaignmode_wealth_tooltip","Mantenimiento diario:","Value to show the amount the player has to pay each day for their forge."
"campaignmode_pieceinventory_button_sale","En venta","Hint text denoting that a sword is currently up for sale."
"campaignmode_pieceinventory_button_disassemble","Desensamblar","Caption of the disassemble button, to break a blade down into its components and discard it."
"gameplayrating_currentvalue","Actual: {0}","The current numeric value of a sword rating (inserted for {0}), displayed next to potential requirements."
"gameplayrating_requiredrange","Requerido: entre {0} y {1}","The numerical requirements for a sword rating, between two values inserted for {0} and {1} respectively."
"gameplayrating_requiredmin","Requerido: al menos {0}","The numerical requirement floor for a sword rating, inserted for {0}, in cases where there is no maximum bound."
"gameplayrating_requiredmax","Requerido: menos de {0}","The numerical requirement ceiling for a sword rating, inserted for {0}, in cases where there is no minimum requirement."
"gameplayrating_required","Requerido","Displayed in a stat's tooltip to denote that the customer requires this."
"gameplayrating_norequirement","No requerido","Displayed in a stat's tooltip to denote that the customer does not requires this."
"stylerating_required","{0} requerido","The numerical requirements for a particular sword style, inserted for {0}."
"stylerating_stylehint","Compra piezas adecuadas a los comerciantes.","Hint displayed to the player when hovering any other style requirement."
"gameplayrating_bladelength_title","Longitud de la hoja","Title of the gameplay-rating."
"gameplayrating_bladelength_description","La longitud total de la hoja, medida desde la base hasta la punta.","Text inside tooltip, explaining the physical value of the blade length."
"gameplayrating_hiltlength_title","Longitud de la empuñadura","Title of the gameplay-rating."
"gameplayrating_hiltlength_description","La longitud de la empuñadura que puede usarse para el manejo.","Text inside tooltip, explaining the physical value of the hilt length."
"gameplayrating_weight_title","Peso","Title of the gameplay-rating."
"gameplayrating_weight_description","El peso total de la espada. Una espada ligera es más rápida y menos fatigante, pero una espada más pesada tendrá un impacto más poderoso.","Text inside tooltip, explaining the physical value of the weight."
"gameplayrating_balance_title","Equilibrio","Title of the gameplay-rating."
"gameplayrating_balance_description","El centro de equilibrio es una propiedad importante. Contrólalo modificando el peso de la empuñadura y de la hoja.","Text inside tooltip, explaining the physical value of the balance."
"gameplayrating_blademass_title","Masa de la hoja","Title of the gameplay-rating."
"gameplayrating_blademass_description","Cuánto peso hay detrás de un impacto. Contrólalo moviendo el centro de equilibrio o modificando la distribución de la masa. La masa cerca del centro de equilibrio se comportará de forma diferente que la masa en la punta o en el pomo.","Text inside tooltip, explaining the physical value of the blade mass and mass distribution."
"gameplayrating_cutthrough_title","Capacidad de corte","Title of the gameplay-rating."
"gameplayrating_cutthrough_description","Una hoja plana y ancha con un filo afilado será ideal para cortar. Usa los colores en la vista de la sección transversal a tu favor.","Text inside tooltip, explaining the physical value of slashing and how to sharpen the edge."
"gameplayrating_piercing_title","Perforación","Title of the gameplay-rating."
"gameplayrating_piercing_description","Una punta aguda en una hoja estrecha o ahusada hará que tu espada sea ideal para estocar.","Text inside tooltip, explaining the physical value of piercing and how to apply abilities that are ideal for thrusting."
"skills_tier1","I","If skills have multiple tiers, we denote them with roman numerals in English for a bit of extra flavour, e.g. ""Strong Hands I"". Feel free to change if roman numerals don't work with the target language."
"skills_tier2","II","If skills have multiple tiers, we denote them with roman numerals in English for a bit of extra flavour, e.g. ""Strong Hands II"". Feel free to change if roman numerals don't work with the target language."
"skills_tier3","III","If skills have multiple tiers, we denote them with roman numerals in English for a bit of extra flavour, e.g. ""Strong Hands III"". Feel free to change if roman numerals don't work with the target language."
"skills_tier4","IV","If skills have multiple tiers, we denote them with roman numerals in English for a bit of extra flavour, e.g. ""Strong Hands IV"". Feel free to change if roman numerals don't work with the target language."
"skills_tier5","V","If skills have multiple tiers, we denote them with roman numerals in English for a bit of extra flavour, e.g. ""Strong Hands V"". Feel free to change if roman numerals don't work with the target language."
"skills_tier6","VI","If skills have multiple tiers, we denote them with roman numerals in English for a bit of extra flavour, e.g. ""Strong Hands VI"". Feel free to change if roman numerals don't work with the target language."
"skills_tier7","VII","If skills have multiple tiers, we denote them with roman numerals in English for a bit of extra flavour, e.g. ""Strong Hands VII"". Feel free to change if roman numerals don't work with the target language."
"skills_tier8","VIII","If skills have multiple tiers, we denote them with roman numerals in English for a bit of extra flavour, e.g. ""Strong Hands VIII"". Feel free to change if roman numerals don't work with the target language."
"skills_tier9","IX","If skills have multiple tiers, we denote them with roman numerals in English for a bit of extra flavour, e.g. ""Strong Hands IX"". Feel free to change if roman numerals don't work with the target language."
"skills_tier10","X","If skills have multiple tiers, we denote them with roman numerals in English for a bit of extra flavour, e.g. ""Strong Hands X"". Feel free to change if roman numerals don't work with the target language."
"skills_taper_title","La Hoja","Title of the tapering skill window in management mode skill tree, referring the blade of the sword."
"skills_taper_text","El equilibrio de la hoja cobra vida a través de su ahusamiento. El ahusamiento se utiliza para definir las características de manejo de la hoja y optimizar la distribución del peso.","Text inside the tapering skill window in management mode skill tree, describing what the skill is about."
"skills_taper_profile","Desbloquea <ability>Ahusamiento de perfil</> para hacer que las hojas se estrechen en anchura.","Text inside the tapering skill window in management mode skill tree, showing the player the exact ability that will be unlocked by learning this skill."
"skills_taper_distal","Desbloquea <ability>Ahusamiento distal</> para hacer que las hojas se afinen en grosor.","Text inside the tapering skill window in management mode skill tree, showing the player the exact ability that will be unlocked by learning this skill."
"skills_crosssection_title","El Filo","Title of the tapering skill window in management mode skill tree, referring the edge of a blade."
"skills_crosssection_text","La sección transversal es una pieza crucial del rompecabezas en la fabricación de hojas. Influye en gran medida en el uso previsto de la hoja y en su capacidad para cortar y perforar.","Text inside the cross-section skill window in management mode skill tree, describing what the skill is about."
"skills_crosssection_advanced","Desbloquea controles avanzados de sección transversal.","Text inside the cross-section skill window in management mode skill tree, showing the player the exact ability that will be unlocked by learning this skill."
"skills_crafting_title","Elaboración","Title of the crafting skill window in management mode skill tree, referring the hilt section of a sword."
"skills_crafting_text","En los tiempos antiguos, artesanos especializados se encargaban de cada etapa de la creación de una hoja — un lujo que no tienes en la Fortaleza de Eren. Aquí fabricas tus propias piezas de empuñadura, algo tan importante como dar forma a la hoja misma.","Text inside the crafting skill window in management mode skill tree, describing what the skill is about."
"skills_crafting_unlock","Desbloquea la habilidad: Elaboración","Text inside the crafting skill window in management mode skill tree, showing the player the exact ability that will be unlocked by learning this skill."
"skills_preroot_title","La Transformación","Title of a UI element on the way to the next skill point, referring to the players journey to become a better swordsmith."
"skills_treeroot_title","La Espada","Title of the main branching skill window in management mode skill tree."
"skills_treeroot_text","Ahora eres digno de llamarte herrero de espadas. Mejora tus habilidades para producir hojas aún más complejas y haz prosperar tu forja.","Text inside the main branching skill window in management mode skill tree, complimenting the player for come this far and going further to become an even better swordsmith. "
"skills_bettersalvaging","Maestría en Recuperación","Title of a skill that improves the ability to salvage resources from miscellaneous/scrap items."
"skills_bettersalvaging_unlock","El rendimiento de recuperación aumenta en un {Mul}%.","Description of a skill that improves the ability to salvage resources from miscellaneous/scrap items."
"skills_treeroot_unlock_leather","Desbloquea varios tipos de cuero para la elaboración.","Description of unlocks the player gains by learning the main branching skill."
"skills_unlock_increase_upkeep","Aumenta tu mantenimiento diario en {Add}.","Description of fixed malus the player receives by learning the main branching skill. Daily upkeep is the cost the player has to pay each day for maintaining the forge."
"skills_unlock_decrease_upkeep","Reduce tu mantenimiento diario en {Add}.","Skill effect: the amount to be paid per day for the forge's upkeep is reduced by fixed value X."
"skills_unlock_decreaserel_upkeep","Reduce tu mantenimiento diario en {Mul}%.","Skill effect: the amount to be paid per day for the forge's upkeep is reduced by X percent."
"skills_unlock_increase_ap","Aumenta tus <AP/> en {Add}.","Skill effect: the player gets X (fixed number) more action points per in-game day."
"skills_unlock_increase_ap_repeat","Aumenta tus <AP/> en {Add} más.","Skill effect: the player gets X (fixed number) more action points per in-game day, from a skill behind the first."
"skills_swordmaking_title","Forja de Espadas","Title of the node in the skill tree which groups all swordmaking skills."
"skills_swordmaking_text","Aprende a usar más habilidades y haz que tus técnicas de forja sean más eficientes.","Description of the node in the skill tree which groups all swordmaking skills."
"skills_shopkeeping_title","Comercio","Title of the node in the skill tree which groups all shopkeeping skills."
"skills_shopkeeping_text","Aprende habilidades útiles que te ayudarán a gestionar tu tienda y obtener ventajas.","Description of the node in the skill tree which groups all shopkeeping skills."
"skills_strength_title","Manos Fuertes","Title of the strong hands skill window in management mode skill tree, referring to the players hands as a swordsmith getting stronger over time from working in the forge."
"skills_strength_text","El balanceo del martillo ha fortalecido tu agarre. Con más fuerza en tus manos, puedes trabajar más durante el día.","Text inside the strong hands skill window in management mode skill tree, describing what the skill is about."
"skills_vendordiscount_title","Regateador Habilidoso","Title of the negotiation skill window in management mode skill tree, referring to the players negotiating skills and how these affect the discounts the player gets at vendors, buying sword parts."
"skills_vendordiscount_text","Aprendes a evaluar mejor a la gente de la Fortaleza de Eren y puedes usar esto a tu favor en las negociaciones.","Text inside the negotiation skill window in management mode skill tree, describing what the skill is about."
"skills_vendordiscount_increase1_text","Consigues un descuento del {Mul}% de los comerciantes.","Text inside the negotiation skill window in management mode skill tree, showing the player the exact advantage that will be unlocked by learning this skill."
"skills_vendordiscount_increase2_text","Aumenta el descuento en {Mul}%.","Text inside the negotiation skill window in management mode skill tree, showing the player the exact advantage that will be unlocked by learning this skill."
"skills_commissiontime_title","Cliente Paciente","Title of the patient client skill window in management mode skill tree, describing the earned trust and patience from customers, so the player gets the chance to have more time for each commission."
"skills_commissiontime_text","Lo bueno se hace esperar. Tus clientes también lo saben y están dispuestos a darte un poco más de tiempo para terminar tu trabajo.","Text inside the patient client skill window in management mode skill tree, describing what the skill is about."
"skills_commissiontime_increase","Tienes un {Chance} de probabilidad de conseguir un día extra para cada encargo.","Text inside the patient client skill window in management mode skill tree, showing the player the exact advantage that will be unlocked by learning this skill."
"skills_learning_title","Aprendizaje","Title of the learning skill window in management mode skill tree."
"skills_learning_text","Para ampliar tu repertorio, ahora puedes aprender esquemas al desarmar tres piezas del mismo tipo.","Text inside the learning skill window in management mode skill tree, describing the skill, the player learns by unlocking the skill."
"skills_learning_unlock","Aprende a fabricar cualquier pieza tú mismo a partir de tres muestras idénticas.","Text inside the learning skill window in management mode skill tree, showing the player the exact ability that will be unlocked by learning this skill."
"skills_sanding_title","Habilidad: Pulido","Title of the sanding skill window in management mode skill tree, referring to sanding a steel on a grindstone to polish it."
"skills_sanding_text","No es oro todo lo que reluce, pero una hoja pulida como un espejo es imposible de ignorar.","Text inside the sanding skill window in management mode skill tree, flavoring the polished blade."
"skills_sanding_unlock","Desbloquea la habilidad: Pulido","Text inside the sanding skill window in management mode skill tree, showing the player the exact ability that will be unlocked by learning this skill."
"skills_fuller_title","Habilidad: Canaladura","Title of the fuller skill window in management mode skill tree."
"skills_fuller_text","Las acanaladuras hacen que la hoja sea más ligera al retirar metal sin comprometer su firmeza.","Text inside the fuller skill window in management mode skill tree, explaining the fuller ability."
"skills_fuller_unlock_rounded","Desbloquea la habilidad: Acanaladura con terminación redonda","Text inside the fuller skill window in management mode skill tree, showing the player the exact ability that will be unlocked by learning this skill."
"skills_fuller_unlock_smooth","Desbloquea la habilidad: Acanaladura con terminación suave","Text inside the fuller skill window in management mode skill tree, showing the player the exact ability that will be unlocked by learning this skill."
"skills_sidefuller_unlock_rounded","Desbloquea la habilidad: Acanaladuras laterales con extremos redondeados","Text inside the fuller skill window in management mode skill tree, showing the player the exact ability that will be unlocked by learning this skill."
"skills_sidefuller_unlock_smooth","Desbloquea la técnica: Acanaladuras laterales con extremos suaves","Text inside the fuller skill window in management mode skill tree, showing the player the exact ability that will be unlocked by learning this skill."
"skills_asymmetrical_title","Hojas Asimétricas","Skill title: Unlocking the ability to create asymmetrical (e.g. single-edged) blades."
"skills_asymmetrical_text","Trabaja la hoja desde diferentes ángulos para crear filos únicos y otros perfiles interesantes.","Text inside the asymmetrical blades skill window in management mode skill tree, explaining the asymmetrical blades ability."
"skills_asymmetrical_unlock","Permite forjar hojas asimétricas.","Text inside the asymmetrical blades skill window in management mode skill tree, showing the player the exact ability that will be unlocked by learning this skill."
"skills_curved_title","Habilidad: Hojas Curvas","Title of the curved blades skill window in management mode skill tree."
"skills_curved_text","Curva tu hoja para concentrar la fuerza del tajo en un área más reducida que con una espada recta.","Text inside the curved blades skill window in management mode skill tree, explaining the curved blades ability."
"skills_curved_unlock","Desbloquea la habilidad: Curvatura","Text inside the curved blades skill window in management mode skill tree, showing the player the exact ability that will be unlocked by learning this skill."
"skills_bending_title","Curvatura de piezas","Title of the bending skill window in management mode skill tree."
"skills_bending_text","Curva las piezas de tus espadas a voluntad para crear diseños totalmente personalizados.","Text inside the bending skill window in management mode skill tree, explaining the bending ability."
"skills_bending_unlock","Te permite curvar las piezas de la espada.","Text inside the bending skill window in management mode skill tree, showing the player the exact ability that will be unlocked by learning this skill."
"skills_message_skillpointsavailable","{0} {0}|plural(one=Punto,other=Puntos) de habilidad disponibles","Shows available skill points."
"skills_message_requireslevel","Requiere Nivel {0}.","Displayed on a skill that can only be unlocked from a certain level (inserted for {0})."
"skills_message_requirescrew","Necesitas ayuda para desbloquear esta habilidad.","Displayed on a skill that can only be unlocked once a crew character (not specified) is hired."
"skills_button_unlockwithcost","Desbloquear: {0} {0}|plural(one=Punto de Habilidad,other=Puntos de Habilidad)","Shows skill point costs when unlocking skills."
"currency_cost","Coste:","When a cost in currency is displayed, it is prefixed with this."
"currency_have","Tienes:","When the currently owned currency amount is displayed, it is prefixed with this."
"forging_crosssectiondetails_physical_title","PROPIEDADES FÍSICAS DE LA ESPADA","Title inside the cross-section details panel."
"forging_crosssectiondetails_bladelength","Longitud de la hoja","Description inside the cross-section details panel."
"forging_crosssectiondetails_mass","Masa","Description inside the cross-section details panel."
"forging_crosssectiondetails_balance","Punto de Equilibrio","Description inside the cross-section details panel."
"forging_crosssectiondetails_properties_title","PROPIEDADES DE LA SECCIÓN TRANSVERSAL","Title inside the cross-section details panel."
"forging_crosssectiondetails_width","Anchura","Description inside the cross-section details panel."
"forging_crosssectiondetails_thickness","Grosor","Description inside the cross-section details panel."
"forging_crosssectiondetails_area","Área","Description inside the cross-section details panel."
"forging_crosssectiondetails_edgeangle_left","Ángulo del filo (izq.)","Description inside the cross-section details panel."
"forging_crosssectiondetails_edgeangle_right","Ángulo del filo (der.)","Description inside the cross-section details panel."
"forging_namesword_text","Clic para nombrar tu espada","Hint inside a text field in forge mode, players can enter text to name the sword."
"charactername_format","{0} {1}","The game generates random character names from first name (inserted for {0}) and last name (inserted for {1}). For some languages this might have to be reversed."
"swordname_none","Espada sin nombre","The default name given to a new sword when it is not made for a specific customer."
"sword_finalized","{0}
se ha forjado.","Message displayed when a player finalizes a sword. The sword name (given by the player) is inserted for {0}."
"commissiontitle_short_light","Espada corta ligera","The title of a commission in case a customer asks for a short/lightweight sword."
"commissiontitle_short_average","Espada corta común","The title of a commission in case a customer asks for a short/average weightsword."
"commissiontitle_short_heavy","Espada corta pesada","The title of a commission in case a customer asks for a short/heavy sword."
"commissiontitle_medium_light","Espada ligera","The title of a commission in case a customer asks for an average length/lightweight sword."
"commissiontitle_medium_average","Espada común","The title of a commission in case a customer asks for an average length/average weight sword."
"commissiontitle_medium_heavy","Espada pesada","The title of a commission in case a customer asks for an average length/heavy sword."
"commissiontitle_long_light","Espada larga ligera","The title of a commission in case a customer asks for a long/lightweight sword."
"commissiontitle_long_average","Espada larga común","The title of a commission in case a customer asks for a long/average weightsword."
"commissiontitle_long_heavy","Espada larga pesada","The title of a commission in case a customer asks for a long/heavy sword."
"forging_button_leave","Salir","Button caption, leaving the anvil/forge mode to go back to shop overview."
"forging_button_finalize","Finalizar","Button in forgemode to finalize the current sword."
"forging_actionpointsspent","Gastado: {0}","Denoting the number of Action Points that have so far been spent on a given sword. The number and AP icon will be inserted for {0}."
"forging_title_appliedabilities","Historial de Habilidades","Title of the applied section in forgemode, showing the swordmaking abilities the player has used so far on the given piece."
"forging_cameracontrols_title","Vista aérea:","Title of the camera controls section in forgemode."
"forging_cameracontrols_setstart_text","Definir inicio","Text describing a player action: setting the starting point of a camera flight."
"forging_cameracontrols_setstart_key","Ctrl+1","Keybinding for a player action"
"forging_cameracontrols_setend_text","Definir final","Text describing a player action: setting the endpoint of a camera flight."
"forging_cameracontrols_setend_key","Ctrl+2","Keybinding for a player action"
"forging_cameracontrols_flight_text","Iniciar vista aérea","Text describing a player action: starting the camera flight."
"forging_cameracontrols_flight_key","Space","Keybinding for a player action"
"forging_cameracontrols_setspeed_text","Definir velocidad","Text describing a player action: setting the speed of the camera flight."
"forging_cameracontrols_setspeed_key","1...9","Keybinding for a player action"
"forging_button_blademode","Modo Hoja","Button caption for the mode in which the blade is edited"
"forging_button_hiltmode","Modo Empuñadura","Button caption for the mode in which the hilt (guard, grip, pommel etc.) is edited"
"forging_button_viewmode","Modo Vista","Button caption for the mode in which the sword can be viewed without distractions."
"forging_button_environment","Cambiar fondo","Tooltip of the toggle environment button, where players can choose between different environments/backgrounds to work in."
"forging_button_screenshotmode","Modo foto","Tooltip of the button used to enter a seperate mode in which screenshots of swords can be taken."
"forging_button_takescreenshot","Capturar imagen","Tooltip of the take screenshot button."
"forging_button_screenshotfolder","Abrir carpeta","Tooltip of the screenshot folder button, where players can access the local screenshot folder."
"forging_button_crosssectiondetails","Visualización de la sección transversal","Tooltip of the cross-section display button, where players can open the cross-section details panel."
"forging_button_upload","Compartir...","Tooltip of the share button, where players can upload their sword and share it."
"forging_sharing_magicwords","Palabras Mágicas","When sharing a sword, it is uploaded to a server and some ""magic words"" (i.e. a vaguely latin string, for example vinamion-temilium-noroucio) is copied to the clipboard."
"forging_sharing_magicwords_description","Obtén un código de Palabras Mágicas y compártelo con otros jugadores para que puedan conjurar copias idénticas de tu espada.","When sharing a sword, it is uploaded to a server and some ""magic words"" (i.e. a vaguely latin string, for example vinamion-temilium-noroucio) is copied to the clipboard."
"forging_sharing_magicwords_button","Obtener código de Palabras Mágicas","When sharing a sword, it is uploaded to a server and some ""magic words"" (i.e. a vaguely latin string, for example vinamion-temilium-noroucio) is copied to the clipboard."
"forging_sharing_3dprinting_description","Lleva tu acero al mundo real: exporta el modelo para impresión 3D. El archivo STL generado es compatible con cualquier software de laminación.",""
"forging_sharing_3dprinting_button","Exportar a STL",""
"forging_sharing_successful","Las Palabras Mágicas
{0}
ahora residen en tu portapapeles.","When sharing a sword, it is uploaded to a server and some ""magic words"" (i.e. a vaguely latin string, for example vinamion-temilium-noroucio) is copied to the clipboard."
"forging_sharing_error","Error al subir.","This message is displayed when sharing a sword failed because the sword could not be uploaded to the server."
"forging_sharing_3dprint","Impresión 3D",""
"forging_gameplayhint_material_apply","Clic izquierdo para aplicar material","Hint displayed to players when they are in the process of applying a material (e.g. leather, steel etc.) to a sword part."
"forging_gameplayhint_material_discard","Clic izquierdo para descartar material","Hint displayed to players when they are in the process of applying a material (e.g. leather, steel etc.) but are not hovering any sword part. Clicking will exit the material assignment mode and 'discard' the material."
"forging_gameplayhint_swordpart_craft_general","Mantén el clic izquierdo sobre las piezas resaltadas para fabricar.","Hint displayed to players when they have parts to craft (which are displayed with a blue outline), but are not currently hovering a specific part."
"forging_gameplayhint_swordpart_craft_specific","Mantén el clic izquierdo para fabricar","Hint displayed to players when they are hovering a specific craftable part. Holding down the mouse button will craft the part."
"forging_gameplayhint_gizmo_range_move","Ajustar rango","Hint displayed when hovering a draggable ""range"" handle. This range denotes where a bladeshaping ability has influence."
"forging_gameplayhint_gizmo_blend_move","Ajustar rango de mezcla","Hint displayed when hovering a draggable ""blend"" handle. This blend range denotes where a bladeshaping ability smoothly fades in or out."
"forging_gameplayhint_gizmo_blend_activate","Mostrar guía de mezcla","Hint displayed to players when they are hovering an on-screen element that can be right-clicked to activate smooth blending of swordmaking abilities (e.g. to softly broaden a blade)."
"forging_gameplayhint_gizmo_blend_change","Cambiar curva de mezcla","Hint displayed to players when they are hovering an on-screen element that can be right-clicked to change the shape of the curve used for smooth blending of swordmaking abilities (e.g. to softly broaden a blade)."
"forging_ability_button_commit","Aplicar","Button text to apply active swordmaking ability in forgemode."
"forging_ability_button_delete","Eliminar","Button text to delete active swordmaking ability in forgemode."
"forging_ability_button_remove","Quitar","Button text to remove the active swordmaking ability in forgemode."
"forging_ability_button_revert","Cancelar","Button text to revert active swordmaking ability in forgemode."
"forging_crafting_button_craftall","Fabricar todo","Button text to craft all applied craftable swordparts in forgemode."
"forging_hint_cannotoffer_nocommission","Sin encargo","Hint text displayed when the player tries to sell a sword, but has not commission (i.e. no customer) to sell it to."
"forging_hint_cannotoffer_physicalnotmet","No se cumplen los requisitos físicos.","Hint text displayed when the player tries to sell a sword, but the customer's physical requirements are not met."
"forging_hint_cannotoffer_stylenotmet","No se cumplen los requisitos de estilo.","Hint text displayed when the player tries to sell a sword, but the customer's style requirements are not met."
"forging_hint_cannotoffer_uncraftedparts","Primero debes fabricar todas las piezas de la espada.","Hint text displayed when the player tries to sell a sword, but still has pending sword parts that need to be crafted first."
"forging_hint_cannotoffer_unfinishedhilt","La empuñadura no está terminada.","Hint text displayed when the player tries to sell a sword, but the sword's hilt is not finished (i.e. has no pommel or is otherwise not complete)."
"forging_button_offer_caption","Ofrecer","Caption of the button to offer a sword to a customer."
"forging_button_offer_tocustomer","Ofrecer a {0}","Caption of the button to offer a sword to a customer. The customer's full name will be inserted for {0}."
"forging_button_offer_nocommission","Selecciona un encargo","Caption of the ""offer"" button when no commission is selected (i.e. the button can't be used and displays this reason)."
"offertocustomer_offeredamount_caption","Ofrece:","Text before the amount the customer will offer, e.g. ""Offer: 120🪙"""
"offertocustomer_confirmation_hint","¿Aceptas esta oferta?","Text in the ""sell to customer"" window, asking the player for a yes/no confirmation before selling the sword at a given price."
"offertocustomer_confirmation_button","Vender a {0}","Caption of the button to sell a sword to a customer. The customer's full name will be inserted for {0}."
"swordpart_status_category","Categoría","Title of swordpart tooltip."
"swordpart_status_craftable","Fabricable","Text inside swordpart tooltip, which shows that the part is a craftable."
"swordpart_status_owned","Tienes","Text inside swordpart tooltip, which shows that the part is owned."
"swordpart_status_sale","En venta","Text inside swordpart tooltip, which shows that the part is for sale."
"swordpart_usedinsword","Usado en {0}","Text inside swordpart tooltip, which shows in which sword the sword part is currently used, if any. Sword name is inserted for {0}."
"swordmaking_ability_category_basic","Básico","Swordmaking ability category: basic."
"swordmaking_ability_category_crosssection","Sección transversal","Swordmaking ability category: cross-section."
"swordmaking_ability_category_misc","Misceláneos","Swordmaking ability category: miscellaneous."
"swordmaking_ability_category_taper","Estrechamiento","Swordmaking ability category: taper."
"swordmaking_ability_drawout_title","Estirar","Title for Draw Out ability."
"swordmaking_ability_drawout_description","Alarga la hoja","Changes the overall length of the blade."
"swordmaking_ability_flatten_title","Aplanar","Title for Flatten ability."
"swordmaking_ability_flatten_description","Haz la hoja más plana","Changes the thickness of the blade."
"swordmaking_ability_broaden_title","Ensanchar","Title for the Broaden ability."
"swordmaking_ability_broaden_description","Haz la hoja más ancha","Changes the overall width of the blade."
"swordmaking_ability_narrow_title","Estrechar","Title for Narrow ability."
"swordmaking_ability_narrow_description","Haz la hoja más estrecha","Changes the overall width of the blade."
"swordmaking_ability_narrowgrind_title","Estrechar (amolar)","Title of the Narrow (grind) ability."
"swordmaking_ability_narrowgrind_description","Reduce anchura (lijado). Los filos se volverán romos.","Changes the width of the blade by grinding material away (makes a shrap blade dull)."
"swordmaking_ability_profiletaper_title","Ancho de punta","Title for the Profile Taper ability."
"swordmaking_ability_profiletaper_description","Estrecha la hoja gradualmente hacia la punta.","Changes the width towards the end of the blade."
"swordmaking_ability_distaltaper_title","Adelgazamiento de la hoja","Title for the Distal Taper ability."
"swordmaking_ability_distaltaper_description","Adelgaza la hoja gradualmente hacia la punta.","Changes the thickness towards the end of the blade."
"swordmaking_ability_point_title","Punta","Title for the Point ability."
"swordmaking_ability_point_description","Añade una punta. Ajusta la forma arrastrando la línea de intensidad hacia arriba o abajo.","Changes the end of the blade to make a point and increase piercing."
"swordmaking_ability_crosssection_title","Sección transversal","Title for the Cross-Section ability."
"swordmaking_ability_crosssection_description","Ajusta la sección transversal de la hoja y sácale filo.","Changes the Cross-Section of the blade."
"swordmaking_ability_crosssection_spinewidth","Anchura del dorso","Propery of the sword's cross-section, the width of the flat (the equal sign here: <=>)"
"swordmaking_ability_crosssection_edgethickness","Grosor del filo","Propery of the sword's cross-section, the thickness of the edge. Usually close to 0, so the sword is sharp."
"swordmaking_ability_crosssection_convexity","Convexidad","Propery of the sword's cross-section, the convexity or concavity. A convex cross-section looks like a lentil and is called lenticular, while a concave cross-section is called a ""hollow grind""."
"swordmaking_ability_category_flamboyance","Ondulación","Swordmaking ability category: flamboyance."
"swordmaking_ability_flamboyance_wavy_l_title","Ondulación I (Grande)","Changes the edge of the blade to wavy."
"swordmaking_ability_flamboyance_wavy_m_title","Ondulación I (Mediana)","Changes the edge of the blade to wavy."
"swordmaking_ability_flamboyance_wavy_s_title","Ondulación I (Pequeña)","Changes the edge of the blade to wavy."
"swordmaking_ability_flamboyance_wavy_description","Añade ondulación.","Changes the edge of the blade to wavy."
"swordmaking_ability_flamboyance_botched_l_title","Ondulación II (Grande)","Changes the edge of the blade to scalloped."
"swordmaking_ability_flamboyance_botched_m_title","Ondulación II (Mediana)","Changes the edge of the blade to scalloped."
"swordmaking_ability_flamboyance_botched_s_title","Ondulación II (Pequeña)","Changes the edge of the blade to scalloped."
"swordmaking_ability_flamboyance_botched_description","Añade ondulación festoneada","Changes the edge of the blade to scalloped."
"swordmaking_ability_curvature_title","Curvatura","Title for the Curvature ability."
"swordmaking_ability_curvature_description","Curva la hoja. Puedes crear una recurvatura usando esta habilidad varias veces.","Adding a curve to the blade."
"swordmaking_ability_category_fuller","Canaladura","Swordmaking ability category: fuller."
"swordmaking_ability_fullerrounded_title","Canaladura (redondeada)","Title for the Fuller (rounded) ability."
"swordmaking_ability_fullerrounded_description","Añade una canaladura principal con extremos redondeados.","Adding a fuller to the blade. A central groove in the blade, with a rounded end."
"swordmaking_ability_fullersmooth_title","Canaladura (suave)","Title for the Fuller (smooth) ability."
"swordmaking_ability_fullersmooth_description","Añade una canaladura principal con extremos suaves.","Adding a fuller to the blade. A central groove in the blade, softly fading out."
"swordmaking_ability_sidefullerrounded_title","Side Fullers (rounded)","Title for the Side Fuller (rounded) ability."
"swordmaking_ability_sidefullerrounded_description","Add side fullers with rounded ends.","Adding side fullers to the blade, with rounded ends."
"swordmaking_ability_sidefullersmooth_title","Canaladuras laterales (suaves)","Title for the Side Fuller (smooth) ability."
"swordmaking_ability_sidefullersmooth_description","Añade canaladuras laterales con extremos suaves.","Adding side fullers to the blade, softly fading out."
"swordmaking_ability_fuller_width","Anchura","The width of the fuller, a central ridge in the sword."
"swordmaking_ability_fuller_depth","Profundidad","The depth of the fuller, a central ridge in the sword."
"swordmaking_ability_fuller_offset","Desplazamiento","The offset of the fuller, a usually central ridge in the sword that can also be offset to one side."
"swordmaking_ability_category_polish","Pulido","Swordmaking ability category: polish."
"swordmaking_ability_polish_title","Pulir Hoja","Title for the Polish ability."
"swordmaking_ability_polish_description","Añade brillo a la hoja.","Polishes the blade, making it shiny."
"swordmaking_ability_polish_flat_title","Pulir Caras","Title for the Polish Flat ability. The flat in this case is the flat section in the middle of a blade with a hexagonal cross-section."
"swordmaking_ability_polish_flat_description","Añade brillo al plano posterior de la hoja.","Polishes the blade's flat section, i.e. the back of the blade, making it shiny."
"swordmaking_ability_polish_edge_title","Pulir Filo","Title for the Polish Blade Edge ability."
"swordmaking_ability_polish_edge_description","Añade brillo al filo de la hoja","Polishes the blade's very edge, making it shiny."
"swordmaking_ability_polish_slant_title","Pulir Bisel","Title for the primary bevel area polish ability."
"swordmaking_ability_polish_slant_description","Añade brillo al bisel de la hoja","Polishes the blade slant/bevel, making it shiny."
"swordmaking_ability_polish_fuller_title","Pulir Canaladuras","Title for the fuller area polish level."
"swordmaking_ability_polish_fuller_description","Añade brillo a las canaladuras de la hoja","Polishes the blade fuller, making it shiny."
"swordmaking_ability_polish_fuller_side_title","Pulir Canaladuras Laterales","Title for the side fuller area polish level."
"swordmaking_ability_polish_fuller_side_description","Añade brillo a las canaladuras laterales de la hoja","Polishes the blade side fuller, making it shiny."
"swordpart_category_inventory","Partes en propiedad","Parts the player owns as single instances (rather than crafting recipes)."
"swordpart_category_guardsinglepiece","Guarda","The guard is a swordpart that describes the metal part that protects the hand and is located between the handle and the blade."
"swordpart_category_guardquillonblock","Cuerpo de la guarda","Part of the guard of edged weapons consisting of a small block of metal, acting as a support for the shoulder of the blade and the base of the guard."
"swordpart_category_guardquillon","Gavilán","The quillon is an arm of the guard of a sword."
"swordpart_category_guardconnector","Conector","A connecting piece to connect e.g. two quillons."
"swordpart_category_guardring","Anillo","A sword part in ring form, often attached to the quillon block."
"swordpart_category_guardsweeps","Arcos y Puentes","Sword parts in the form of sweeps and loops, usally part of the guard in e.g. a rapier."
"swordpart_category_guardendcap","Cantonera","End caps to put on the end of quillons / arms."
"swordpart_category_grip","Empuñadura","The Grip acts as the main part of the handle. You hold the sword here."
"swordpart_category_gripwrap","Recubrimiento","Wrappings around the grip parts of the sword to further decorate."
"swordpart_category_gripriser","Resalte","An elevated piece, usually used on grips. Traditionally, this was achieved by putting a thick cord around the wooden grip piece before covering it with leather, resulting in a bump."
"swordpart_category_pommel","Pomo","A pommel is a shaped protrusion at the end of a sword hilt, serves as a counter weight."
"swordpart_category_pommelcomplex","Pomo Complejo","A pommel is a shaped protrusion at the end of a sword hilt, serves as a counter weight. Complex pommels can be modified further by attaching more parts onto it."
"swordpart_category_pommelpeen","Remache","The part that is peened is the end of the tang (the part of the blade that is inside the guard, grip, and pommel) where it goes through the pommel. This is what seals the hilt shut."
"swordpart_category_misc","Misc.","Various items that do not fit into any other category, abbreviation for Miscellaneous. Feel free to use an abbreviation or a full word, we're not particularly space-limited here."
"swordpart_category_miscattachment","Acople","Various decorative parts that can be attached to the sword."
"swordpart_category_miscferrule","Virola","A ring found on some sword hilts that connects two grip parts, usually (but not always) decorative and made of metal."
"swordpart_category_miscemblem","Emblema","A decorative object that can be attached to the sword, e.g. a coin, medal etc."
"swordpart_category_miscgemstone","Gema","A decorative object that can be attached to the sword."
"swordpart_category_engraving","Grabado","Cutting decoration into surfaces, i.e. wood, stone or metal."
"swordpart_category_material","Material","Describes various materials from which sword parts can be made."
"swordpart_category_material_leather_rough","Cueros rugosos","Describes various materials from which sword parts can be made."
"swordpart_category_material_leather_smooth","Cueros suaves","Describes various materials from which sword parts can be made."
"swordpart_category_material_leather_structured","Cueros conformados","Describes various materials from which sword parts can be made."
"swordpart_category_material_metal_steel","Acero","Describes various materials from which sword parts can be made."
"swordpart_category_material_metal_fine","Metales preciosos","Describes various materials from which sword parts can be made."
"swordpart_category_material_wood","Maderas","Describes various materials from which sword parts can be made."
"swordpart_category_material_artisan","Materiales artesanales","Describes various materials from which sword parts can be made."
"swordpart_category_material_magic","Materiales encantados","Describes various materials from which sword parts can be made."
"general_joinedsentences","{0} {1}","In English, German etc., if we join two independent sentences {0} and {1}, they would be joined with a space ("" ""). In Chinese for example, there would be no extra space between sentences, so this string would be {0}{1} without a space."
"dialogue_quotes","“{0}”","Quotes that are being put around all direct speech in the game (e.g. “Good morning!”). {0} will be replaced with whatever text."
"dialogue_continue","Continuar ▽","Caption of a button to continue to the next line of dialogue."
"dialogue_end","Finalizar ■","Caption of a button to end the dialogue when there are no more lines."
"numberwithunit_hoursandminutes","{0}:{1} hrs","Displaying a timespan: hours inserted for {0}, minutes inserted for {1}."
"numberwithunit_gram","{0} g","Displaying a number (inserted for {0}): weight in grams."
"numberwithunit_kilogram","{0} kg","Displaying a number (inserted for {0}): weight in kilograms."
"numberwithunit_ounce","{0} oz","Displaying a number (inserted for {0}): weight in ounces."
"numberwithunit_pound","{0} lb","Displaying a number (inserted for {0}): weight in pounds."
"numberwithunit_millimeter","{0} mm","Displaying a number (inserted for {0}): length in millimeters."
"numberwithunit_centimeter","{0} cm","Displaying a number (inserted for {0}): length in centimeters."
"numberwithunit_metre","{0} m","Displaying a number (inserted for {0}): length in meters."
"numberwithunit_inch","{0} in","Displaying a number (inserted for {0}): length in inches."
"numberwithunit_feet","{0} ft","Displaying a number (inserted for {0}): length in feet."
"numberwithunit_squarecentimeter","{0} cm²","Displaying a number (inserted for {0}): area in square centimeters."
"numberwithunit_squareinch","{0} in²","Displaying a number (inserted for {0}): area in square inches."
"numberwithunit_cubiccentimeter","{0} cm³","Displaying a number (inserted for {0}): volume in cubic centimeters."
"numberwithunit_cubicinch","{0} in³","Displaying a number (inserted for {0}): volume in cubic inches."
"numberwithunit_metrepersecond","{0} m/s","Displaying a number (inserted for {0}): speed in meters per second"
"numberwithunit_degrees","{0}°","Displaying a number (inserted for {0}): angle in degrees"
"numberwithunit_milliseconds","{0} ms","Displaying a number (inserted for {0}): time in milliseconds"
"numberwithunit_fps","{0} FPS","Average rendered frames per second the game produced in recent history."
"settingsmenu_generic_on","Sí","Generic option for a setting that is turned on/enabled"
"settingsmenu_generic_off","No","Generic option for a setting that is turned off/disabled"
"settingsmenu_title_frametime","Frame","Title for the time the last game frame took to compute and render."
"settingsmenu_title_cpu","CPU","Title for the CPU timer. Showing how long the last game frame took to compute on the main processor."
"settingsmenu_title_gpu","GPU","Title for the GPU timer. Showing how long the last game frame took to render on the graphics card."
"settingsmenu_title_screenmode","Modo de pantalla","Title of the screen mode option. Allows the player to choose between fullscreen and windowed."
"settingsmenu_button_low","Bajo","Text of button to set game quality option to low."
"settingsmenu_button_medium","Medio","Text of button to set game quality option to medium."
"settingsmenu_button_high","Alto","Text of button to set game quality option to high."
"settingsmenu_button_veryhigh","Ultra","Text of button to set game quality option to very high."
"settingsmenu_button_fullscreen","Pantalla completa","Text of button to set the game to fullscreen."
"settingsmenu_button_windowedfullscreen","Pantalla completa en ventana","Text of button to set the game to windowed fullscreen."
"settingsmenu_button_windowed","En ventana","Text of button to set the game to windowed."
"settingsmenu_title_analytics","Telemetría","Title in pausemenu of the consent to analytics/telemetry usage data."
"settingsmenu_title_interfacescale","Interfaz","Title in pausemenu of the scale options. Allows the player to scale the entire UI."
"settingsmenu_button_interfacescale_small","Pequeña","Text of button to set the interface scale to small."
"settingsmenu_button_interfacescale_regular","Regular","Text of button to set the interface scale to regular/default."
"settingsmenu_button_interfacescale_large","Grande","Text of button to set the interface scale to large."
"settingsmenu_title_gameplay","Jugabilidad","Title in pausemenu of gameplay-specific options."
"settingsmenu_title_audio","Audio","Title in pausemenu of the audio options."
"settingsmenu_title_renderquality","Calidad de render","Title in pausemenu of the scale render quality options. Allows the player to run the game at a lower quality for better performance."
"settingsmenu_title_shadowquality","Calidad de sombras","Title in pausemenu of the shadow quality options. Allows the player to run the game at a lower quality for better performance."
"settingsmenu_title_renderingscale","Escala de render","Title in pausemenu of the render scale options. Allows the player to set the resolution the game is rendering in."
"settingsmenu_title_giquality","Iluminación global","Title in pausemenu of the global illumination quality options. Allows the player to run the game at a lower quality for better performance."
"settingsmenu_title_effectsquality","Calidad de efectos","Title in pausemenu of the effects quality options. Allows the player to run the game at a lower quality for better performance."
"settingsmenu_title_reflectionsquality","Calidad de reflejos","Title in pausemenu of the reflections quality options. Allows the player to run the game at a lower quality for better performance."
"settingsmenu_title_volume","Volumen maestro","Title in options menu for the overall game volume."
"settingsmenu_title_volume_music","Música","Title in options menu of the music volume options."
"settingsmenu_title_volume_sfx","Efectos","Title in options menu for the volume of sound effects."
"settingsmenu_title_blademode_abilitieslistautocollapse","Ocultar automáticamente la lista de habilidades de la hoja","Title in options menu for a checkbox. If checked, the game will automatically close the list of swordmaking abilities after one has been chosen. If not, the panel will stay open."
"settingsmenu_title_feedbacksurvey_autoopen","Abrir encuesta al salir","Title in options menu for a checkbox. If checked, the game will open a feedback survey in browser when it shuts down."
"campaignmode_enddayconfirmation_title","Terminando el día","Title in end day menu."
"campaignmode_enddayconfirmation_noap_text","¿Has terminado por hoy?","Text in end day menu, asking the player if the day is done. Only shown when no action points are left for this day."
"campaignmode_enddayconfirmation_text","¿Has terminado por hoy? Tus {0}<ap/> se perderán","Text in end day menu, asking the player if the day is done and showing how many leftover action points will be lost."
"campaignmode_enddayconfirmation_button_endday","Terminar día","Text of button to end the day and cofirm the lost action points."
"campaignmode_endofday_title","El día {0} ha terminado","Hint showing that a particular day (number inserted for {0}) is now over."
"campaignmode_endofday_prevbalance","Balance previo","Value in the daily budget summary, showing the amount of money the player had at the start of the day."
"campaignmode_endofday_dayprofit","Beneficio de hoy","Value of the daily budget summary, showing the amount of money the player made during the day."
"campaignmode_endofday_newbalance","Balance nuevo","Value in the daily budget summary, showing the amount of money the player has now at the end of the day."
"campaignmode_endofday_button_nextday","Empezar el próximo día","Text of button to use the night after closing the forge, to start the next day."
"campaignmode_endofday_button_explore","Explorar la Fortaleza de Eren","Text of button to use the night after closing the forge, to explore the city."
"campaignmode_title_inventory","Inventario","Title of the inventory showing the player's items."
"campaignmode_vendorview_yourinventory","Tu inventario","Title of the vendor menu showing the content of the player's item inventory."
"campaignmode_vendorview_vendorinventory","Inventario del comerciante","Title of the vendor menu showing the content of vendor's item inventory."
"campaignmode_vendorview_ownedcurrency","Tienes: {0}<Currency/>","The amount of currency the player owns is inserted for {0}."
"campaignmode_vendorview_button_close","Cerrar","Text of button to close the vendor menu."
"vendor_ironmonger","Ferretero","Name of the ironmonger vendor, selling metal guards and pommels."
"vendor_woodcarver","Tallista","Name of the woodcarver vendor, selling grip parts and carved wooden pieces."
"vendor_wildworker","Artesano de lo salvaje","Name of the wildworker vendor, selling leather parts and animal parts."
"swordpartcatalogue_empty","No tienes piezas de empuñadura.","Hint displayed when the player's inventory ist empty."
"swordpartoverview_learning_text","Selecciona <b>tres partes del mismo tipo</> para aprender sus planos:","Description of the learning mechanic."
"swordpartoverview_learning_button_dismantle","Desmantela partes para aprender sus planos","Text of button in swordpart overview, to dismantle selected parts and learn the blueprint to reproduce them."
"mainmenu_cta_steam","Wishlist sí
<emph>STEAM</>","Call to action for wishlisting the game on Steam, <emph></> for larger text"
"mainmenu_cta_wishlist","Add to
<emph>WISHLIST</>","Call to action for wishlisting the game, <emph></> for larger text"
"mainmenu_cta_discord","Únete al
<emph>DISCORD</> oficial","Call to action for joining the games official discord server, <emph></> for larger text"
"forging_button_bladematerial_change","Cambiar material de la hoja...","Text of button that allows player to change the material the blade is made of."
"forging_caption_intensity","Intensidad","The intensity with which a blade ability is applied, in percent. At 0%, it has no effect."
"forging_caption_polishlevel","Nivel de pulido","Caption on a slider that controls the degree of polish/gloss on materials."
"creativemode_finalizesword_noscreenshots","Has tomado 0 capturas. ¿Por qué no tomas algunas?","Hint shown if the player has taken no screenshots at all."
"creativemode_finalizesword_screenshots","Has tomado {0} {0}|plural(one=captura,other=capturas).","Hint shown if the player has taken at least one screenshot."
"creativemode_finalizesword_button_showscreenshots","Ver capturas","Caption of a button to view all screenshots (for now opening the folder in Windows Explorer)"
"creativemode_finalizesword_button_sharesword","Comparte tu espada","CTA to share the sword/its screenshots on social media"
"creativemode_finalizesword_doneconfirmation","¿Has terminado con esta pieza por ahora? Siempre puedes volver y editarla más tarde.","Ask the player if they have finished working on the piece for the moment and remind them that they can come back and continue at any time."
"prologue_title_haveended","“Las Canciones se han silenciado","Title at the start of the game, line 1: ""The Songs have fallen silent and world lies in ruin."""
"prologue_title_andtheworld","y el mundo yace en ruinas.”","Title at the start of the game, line 2: ""The Songs have fallen silent and world lies in ruin."""
"commission_button_startforging","¡A Forjar!","Start to forge a blade for the shown commission."
"commission_button_accept","Aceptar","Button caption to accept a commission and start forging a sword."
"commission_button_continueforging","Forjar","Forge/continue forging a work-in-progress blade for the shown commission."
"game_tooltip_continue","Continuar jugando el Modo Historia","Tooltip for the Continue button in main menu"
"game_tooltip_newgame","Empezar una nueva partida en Modo Historia","Tooltip for the New Game button in main menu"
"game_tooltip_loadgame","Cargar una partida del Modo Historia","Tooltip for the Load Game button in main menu"
"game_tooltip_creativemode","Iniciar el Modo Creativo. ¡Te recomendamos encarecidamente jugar primero el tutorial del Modo Historia!","Tooltip for the Creative Mode button in main menu"
"game_tutorialwarning_creativemode","¡Te recomendamos encarecidamente jugar primero el tutorial en el Modo Historia! Puedes acceder al tutorial seleccionando "Nueva partida" en el menú principal.","Warning when entering Creative Mode without having played the tutorial."
"settingsmenu_title_language","Idioma","Language selection in settings menu"
"settingsmenu_title_resolution","Resolución","Resolution selection in graphic settings menu"
"settingsmenu_title_texturequality","Calidad de texturas","Texture Resolution selection in graphic settings menu"
"settingsmenu_title_antialiasing","Anti-Aliasing","Anti-Aliasing selection in graphic settings menu"
"settingsmenu_title_blademesh","Calidad de la hoja","Blademesh quality selection in graphic settings menu"
"settingsmenu_title_vsync","V-Sync","Option for vertical synchronization in graphics settings menu"
"settingsmenu_title_raytracing","Raytracing","Option for raytracing rendering in graphics settings menu"
"settingsmenu_title_fpslimit","Limite de fotogramas","Setting to limit the game's frames-per-second."
"settingsmenu_title_fpslimit_withnumber","Limite de fotogramas ({0})","Setting to limit the game's frames-per-second. The current maximum FPS number will be inserted for {0}."
"settingsmenu_gender_title","Género","Caption for setting: player character’s gender"
"settingsmenu_gender_option_male","Hombre","The player chooses to be addressed as male."
"settingsmenu_gender_option_female","Mujer","The player chooses to be addressed as female."
"settingsmenu_gender_option_neutral","Neutral","The player chooses to be addressed in a gender-neutral way."
"settingsmenu_bladecontrols_title","Controles de la hoja","Caption for setting: the player's preferred input method for editing sword blades"
"settingsmenu_bladecontrols_option_hammering","Martillo","The player prefers to hammer on the blade to edit it."
"settingsmenu_bladecontrols_option_sliders","Deslizadores","The player prefers slider-based, editor-like drag controls."
"settingsmenu_hammeringui_option","Interfaz de golpeo del martillo","A player preference to display an addition interface widget that helps timing your clicks for heavy hammer hits."
"forging_gameplayhint_cameracontrols_pan","Encuadre","Camera controls onscreen hints"
"forging_gameplayhint_cameracontrols_orbit","Órbita","Camera controls onscreen hints"
"forging_gameplayhint_cameracontrols_zoom","Zoom","Camera controls onscreen hints"
"forging_gameplayhint_scale","Escalar","Description of controls for scaling a part."
"forging_gameplayhint_rotate","Rotar","Description of controls for rotating a part around its primary axis."
"forging_gameplayhint_finecontrol","Control de precisión","Onscreen hint that shows the shortcut to finer/slower control movement and abilities."
"forging_gameplayhint_constrain","Restringir","Onscreen hint that shows the shortcut to constrain abilities like bending parts."
"forging_gameplayhint_deflection","Desviar pieza","Description of controls for changing the orientation of a part from it's default ""forward"" orientation."
"forging_gameplayhint_bending","Doblar/Estirar pieza","Description of controls for bending/curving a part."
"forging_gameplayhint_stretching","Estirar parte","Description of controls for deforming (stretching and possibly bending) a part."
"forging_gameplayhint_sinking","Incrustar","Description of controls for sinking/sticking one part into another, e.g. to close visual gaps."
"forging_caption_filter","Buscar...","Text in an editable text box, hinting at its functionality (allowing you to search for/filter sword parts). Displayed when the search text is empty."
"forging_caption_bladematerial","Material de hoja","Button to change the bladematerial"
"forging_button_recentercamera","Centrar cámara","Button to recenter the camera view ob the blade"
"forging_button_toggle_lighting","Cambiar iluminación","Button to switch bewtween lighting scenes in the games environment"
"forging_physicalproperties_title","Propiedades físicas","Title of the physical properties window, that shows details of the blade, e.g. mass and length."
"forging_physicalproperties_tooltip","Esta pantalla puede ser un medio útil para investigar las propiedades físicas de la espada mientras trabajas.","Tooltip of the Physical Properties window, describing what it does."
"swordpartcatalogue_empty_vendors","Visita a los vendedores para comprar algunas partes.","Hint in forge mode when the player has no parts in the inventory. Second line after ""You currently have no sword parts"", if vendors are available."
"swordpartcatalogue_empty_vendors_forging","Sal de la forja y visita a los comerciantes de hoy.","Hint in forge mode when the player has no parts in the inventory. To get parts, players can visit one of the vendors."
"swordmaking_ability_changelength_title","Cambiar longitud","Title of lengthen ability"
"swordmaking_ability_changelength_description","Cambia la longitud de la hoja","Description for lengthen ability"
"swordmaking_ability_changethickness_title","Cambiar grosor","Title of thickness ability"
"swordmaking_ability_changethickness_description","Cambia el grosor de la hoja","Description for thickness ability"
"swordmaking_ability_changewidth_title","Cambiar anchura","Title of width ability (combines narrow and broaden)."
"swordmaking_ability_changewidth_description","Cambia la anchura de la hoja","Description for width ability"
"game_save_autosave","Autoguardado {0}","Autosave description"
"game_save_saving","Guardando...","Hint that the game is currently autosaving"
"game_hint_overwrite","Atención: Tu partida guardada anterior se sobrescribirá. ¿Realmente quieres empezar una nueva partida?","Warning that starting a new game will delete previous savegames"
"game_save_savegame","Guardado {0}","Name of a saved game entry"
"game_save_savedgames","Partidas guardadas","Title of the ""saved games"" menu"
"blendcurve_numbered","Combinar curvas {0}","Numbered name for blend curves, a number will be inserted for {0}. Blend curves are used to blend in an ability on the blade to make beginning and end looking smoother."
"blendcurve_easeinout","Suavizar","Name of the default smooth blending curve (S-shaped)."
"blendcurve_easein","Suavizar inicio","Name of a blend curve that begins slowly."
"blendcurve_easeout","Suavizar final","Name of a blend curve that ends slowly."
"blendcurve_linear","Recto","Name of a straight/linear blend curve."
"blendcurve_circin","Entrada circular","Name of a blend curve that begins slowly (roughly circle-shaped)."
"blendcurve_circout","Salida circular","Name of a blend curve that ends slowly (roughly circle-shaped)."
"skilleffect_unlockability","Desbloquea la habilidad: {0}","Effect of a skill in the skill tree. The ability's name is inserted for {0}."
"skilleffect_unlockability_distaltaper","Desbloquea la habilidad: Estrechamiento del grosor","Effect of a skill in the skill tree. Unlocks the ability defined by key swordmaking_ability_distaltaper_title."
"skilleffect_advancedcrosssection","Desbloquea opciones de sección transversal adicionales.","Effect of a skill in the skill tree. By default, the player can only make simple diamond/hexagonal cross-sections for their blade. With this, the players gets additional options for convex/convave grind."
"forging_hint_notenoughresources","¡Sin recursos suficientes!","Warning displayed when the player doesn't have enough resources for an action."
"forging_gameplayhint_hammer_flip","Martillado inverso","A key hint for the playe to toggle the direction of the hammer (both flipping the visual hammer, and flipping the direction of the hammer's effect)."
"attribute_toughness","Entereza","A player character stat influencing narrative encounters, represents strength and intimidation."
"attribute_diplomacy","Diplomacia","A player character stat influencing narrative encounters, represents the ability to negotiate and convince people with reason."
"attribute_knowledge","Conocimiento","A player character stat influencing narrative encounters, represents knowing a lot about the world and its history."
"attribute_finesse","Pericia","A player character stat influencing narrative encounters, represents both cunning in conversations and things like opening locks."
"attribute_check_success","Éxito","Displayed when a stat check in a narrative encounter was successful, e.g. ""Toughness: Success"""
"attribute_check_failure","Fracaso","Displayed when a stat check in a narrative encounter failed, e.g. ""Toughness: Failure"""
"commission_warning_actionpoints","No hay suficientes <AP/> para empezar.","The player is missing Action Points to start a commission. <AP/> inserts an Action Point icon."
"commission_warning_steel","No hay suficiente acero para empezar.","The player is missing steel to start a commission."
"commission_warning_swordpartbook","Libro de piezas de espadas faltantes: {0}","The player is missing a book containing sword parts required for a commission."
"commission_warning_pigment","Pigmento faltante: {0}","The player is missing a pigments/dyes required for a commission."
"commission_warning_skill","Habilidad faltante: {0}","The player is missing an unlockable skill required for a commission."
"forging_hint_cannotoffer_nopoint","¡Tu hoja no tiene punta!","The blade is not suitable for stabbing, so the commission cannot be finished."
"forging_hint_cannotoffer_notsharp","¡Tu hoja no está afilada!","The blade is not sharp, so the commission cannot be finished."
"forging_hint_cannotoffer_noguard","¡Tu hoja no tiene guarda!","The sword has no guard above the hand, so the commission cannot be finished."
"forging_hint_cannotoffer_unmetrequirements","¡No cumples los requisitos!","The commisions' requirements are not fulfilled, so the commission cannot be finished."
"forging_hint_cannotoffer_missingresource","Recursos faltantes: {0}× {1}","0: Amount, 1: Resource name"
"campaignmode_caption_requirements","Requisitos","Caption of the commision's requirements section"
"campaignmode_caption_rewards","Recompensas","Caption of the commision's rewards section"
"campaignmode_caption_commissions","Encargos de hoy","Headline of the windows showing the commissions available today"
"reward_mystery","Recompensa misteriosa","A reward displayed as question mark that yields a random item."
"commission_stylerequirement_book","Libro: {0}","A commission requirement, where the customer asks for parts from a certain book. The name of the book is inserted for {0}."
"commission_stylerequirement_material","Material: {0}","A commission requirement, where the customer asks for a certain material. The name of the material is inserted for {0}."
"commission_stylerequirement_pigment","Pigmento: {0}","A commission requirement, where the customer asks for a certain pigment. The name of the pigment is inserted for {0}. A pigment is a specific colour like ""Oxblood""."
"commission_stylerequirement_colour","Color: {0}","A commission requirement, where the customer asks for a certain colour. The name of the colour is inserted for {0}. A colour is a generic term like ""Red"" which might encompass multiple pigments."
"vendor_trading_action_buy","Comprar","Action displayed next to a key binding at a vendor."
"vendor_trading_action_sell","Vender","Action displayed next to a key binding at a vendor."
"vendor_trading_hint_bulkbuy","Mantén [Shift] para comprar/vender 10×","Hint displayed at a vendor."
"gameintro_hint_continue","ESPACIO para continuar","Hint shown during the game's intro dialogue, telling the player to press the Space button to continue."
"background_mercenary","Mercenario","A narrative background. The player character used to be a sellsword."
"background_mercenary_description","Este trasfondo otorga +3 de Dureza y puede desbloquear opciones de diálogo únicas.","Effect of choosing this background; please refer to attribute_toughness."
"background_leader","Líder","A narrative background. The player character used to be the leader of an outpost."
"background_leader_description","Este trasfondo otorga +3 de Diplomacia y puede desbloquear opciones de diálogo únicas.","Effect of choosing this background; please refer to attribute_diplomacy"
"background_wanderer","Nómada","A narrative background. The player character used to wander the wasteland."
"background_wanderer_description","Este trasfondo otorga +3 de Conocimiento y puede desbloquear opciones de diálogo únicas.","Effect of choosing this background; please refer to attribute_knowledge."
"background_slave","Esclavo","A narrative background. The player character used to be a slave to a warlord."
"background_slave_description","Este trasfondo otorga +3 de Pericia y puede desbloquear opciones de diálogo únicas.","Effect of choosing this background; please refer to attribute_finesse."
"belief_ambition","Ambición","A priority the player can choose, for flavour only. ""Humanity can rise above the Voices if we learn their secrets."""
"belief_continuity","Continuidad","A priority the player can choose, for flavour only. ""I believe in small things. Bread rising, seasons turning, children growing."""
"belief_freedom","Libertad","A priority the player can choose, for flavour only. ""We’re better off without the Voices. Humans can adapt to anything."""
"belief_compassion","Compasión","A priority the player can choose, for flavour only. ""Every small kindness is an act of defiance in a world without pity."""
"belief_nothing","Nada","A priority the player can choose, for flavour only. ""Nothing matters any more. There’s peace in accepting that."""
"belief_description","Establece tu marca de fabricante inicial. Esto se puede cambiar más tarde.","A hint telling the player that this choice will set a starting engraving representing the player's forge."
"gift_artisanstoolkit_description","Para un estilo de juego creativo. Otorga un lote de cueros y pigmentos para una mayor libertad creativa desde el principio.","Effect of choosing the starting gift ""Artisan's bundle"", see Day_Start event"
"gift_familyheirloom_description","Para un estilo de juego centrado en la historia. Otorga una reliquia familiar única, transmitida a través de las generaciones de tu linaje.","Effect of choosing the starting gift ""Family heirloom"", see Day_Start event and Items,familyheirloom_description"
"gift_bottleofspirit_description","Para un estilo de juego centrado en la optimización. Otorga una botella de licor preciado para acelerar tu progreso.","Effect of choosing the starting gift ""Old World Spirit"", see Day_Start event and Items,oldworldspirit_description"
"gender_male_description","Se referirán a ti en masculino.","Effect of choosing male gender during game start."
"gender_female_description","Se referirán a ti en femenino.","Effect of choosing female gender during game start."
"gender_neutral_description","Se referirán a ti en género neutral. En ocasiones, se podrá utilizar el masculino genérico.","Effect of choosing neutral gender during game start."
"gameplayrating_impact_title","Impacto","A rating of how hard a sword hits."
"gameplayrating_impact_description","Potencia de impacto.

Una espada golpea con más fuerza cuando es pesada y tiene mucha masa cerca de la punta.",""
"gameplayrating_hitspeed_title","Velocidad","A rating of how fast a sword can be swung/redirected."
"gameplayrating_hitspeed_description","Velocidad de manejo.

La velocidad de una espada es mayor cuando es ligera y tiene poca masa cerca de la punta. Un mango más largo mejora aún más este atributo.",""
"gameplayrating_agility_title","Movilidad","A rating of how easily a sword's hilt can be repositioned to defend or change stance."
"gameplayrating_agility_description","Maniobrabilidad de la empuñadura.

Una espada es más móvil cuando es ligera y tiene poco peso en la zona de la empuñadura.",""
"gameplayrating_sharpness_title","Filo","A rating of how well a sword's cross-section of the sword can cut through a target."
"gameplayrating_sharpness_description","Capacidad de corte.

El ángulo de filo pronunciado de una hoja ancha y delgada proporciona el mejor rendimiento. Se prefiere una sección transversal lisa; un nervio central marcado puede dificultar el corte.",""
"gameplayrating_stiffness_title","Rigidez","A rating of how stiff a blade is, i.e. with how much force you can thrust before the blade starts to bend."
"gameplayrating_stiffness_description","Fuerza de penetración.

Este atributo mejora al aumentar el grosor de la hoja, a costa de un mayor peso. Experimenta con el ahusamiento distal, secciones transversales cóncavas y acanaladuras para mantener el peso bajo.",""
"gameplayrating_point_title","Punta","A rating of how acute a sword's tip/point is."
"gameplayrating_point_description","Capacidad de perforación.

Una punta aguda y gradual es la forma ideal para este atributo. Esto podría restar Potencia de impacto a la espada; experimenta con la anchura, el grosor y el ahusamiento de la hoja para hallar el equilibrio adecuado.",""
"celebration_levelup_supertitle","Has alcanzado","1st line of a two-line celebration message displayed upon level-up. The 2nd line shows ""Level 5"". If a literal translation is not possible, feel free to adjust this to something like ""Level up!"" or ""Level reached!"""
"notification_youreceived","Has recibido:","Headline displayed in in-game notifications when the player receives currency, experience points or items."
"notification_treasurehunter","Chlodo encontró:","Headline displayed in in-game notifications when the dog Chlodo brings and item to the player"
"notification_youlost","Has perdido:","Headline displayed in in-game notifications when the player loses currency or items."
"notification_journal","Entrada del diario:","Headline displayed in in-game notifications when a new entry has been added to the quest journal/diary."
"notification_buff","Ahora estás:","Headline displayed in in-game notifications when a buff/debuff is added. Buffs can be positive or negative for the player, so please keep it neutral. All buffs are adjectives, so this will read something like: ""You are now: Inspired"""
"notification_reputationgained","Reputación ganada:","Headline displayed in in-game notifications when the player receives reputation with an in-game faction."
"notification_reputationlost","Reputación perdida:","Headline displayed in in-game notifications when the player loses reputation with an in-game faction."
"notification_currency","{0} Thalers","Notification displayed to the player when currency (in-game name: Thalers) is received. {0}=Amount."
"notification_xp","{0} EXP","Notification displayed to the player when experience points are received. {0}=Amount."
"notification_item","{0}× {1}","Notification displayed to the player when an item is received. {0}=Count, {1}=Item display name."
"systemmessage_factionreputation","Reputación con facción: {0} {1}","Message displayed to the player when faction reputation is gained or lost. The name of the faction is inserted for {0}. The amount (always with sign, e.g. +300, -200) is inserted for {1}."
"systemmessage_locationunlocked","Se ha marcado una nueva localización en tu mapa: {0}","Message displayed to the player when a new location is encountered."
"systemmessage_locationknown","Ya conoces esta localización.","Message displayed to the player when a new location would have been encountered, but is already known."
"systemmessage_vendorunlocked","Un nuevo comerciante está disponible en tu forja.: {0}","Message displayed to the player when a new vendor is encountered."
"systemmessage_vendorknown","Ya conoces a este comerciante.","Message displayed to the player when a new vendor would have been encountered, but is already known."
"systemmessage_factionrankfail","Requiere mayor rango de facción: {0}","Displayed when the player cannot proceed in dialogue because their reputation with a faction is too low. The faction's name is inserted for {0}."
"systemmessage_factionrankpass","Requisito de rango de facción cumplido: {0}","Displayed when the player was able to proceed in dialogue because of their faction rank. The faction's name is inserted for {0}."
"campaignmode_visitvendors","Visitar comerciantes","Caption on a button to open a vendor visit menu."
"campaignmode_gameover","Fin de la partida","Headline on the game over screen. Usually displayed when the player character has died."
"campaignmode_gameover_loadhint","Presiona cualquier tecla para cargar la última partida.","Message for the player in the game-over screen to load the last save-game."
"game_tutorial_title","Tutorial","Headline in tutorial windows."
"game_tutorial_entry","Tutorial {0} de {1}","When cycling through past tutorial messages, this will display the current number {0} of the total number {1} of encountered tutorial entries."
"swordtrait_handedness_onehanded","Una mano","A trait of a sword: The grip section is good for one-handed wielding."
"swordtrait_handedness_onehanded_tooltip","Elabora una empuñadura corta para uso a una mano.",""
"swordtrait_handedness_handandahalf","Mano y media.","A trait of a sword: The grip section is good for mixed one- and two-handed wielding."
"swordtrait_handedness_handandahalf_tooltip","Elabora una empuñadura de longitud media para uso tanto a una mano como a dos manos. Utiliza una pieza de agarre más larga o dos más cortas para lograrlo.",""
"swordtrait_handedness_twohanded","Dos manos","A trait of a sword: The grip section is good for two-handed wielding."
"swordtrait_handedness_twohanded_tooltip","Forja una empuñadura larga para uso a dos manos. Conecta dos piezas de agarre para lograrlo.",""
"swordtrait_curvature_straight","Hoja recta","A trait of a sword: The blade is straight."
"swordtrait_curvature_straight_tooltip","Forja una hoja que sea perfectamente recta.",""
"swordtrait_curvature_slightlycurved","Hoja ligeramente curvada","A trait of a sword: The blade is slightly curved."
"swordtrait_curvature_slightlycurved_tooltip","Forja una hoja con una curvatura leve.",""
"swordtrait_curvature_stronglycurved","Hoja muy curvada","A trait of a sword: The blade is strongly curved."
"swordtrait_curvature_stronglycurved_tooltip","Forja una hoja con una curvatura pronunciada.",""
"swordtrait_colourfulhilt","Empuñadura colorida","A trait of a sword: The blade uses various different colours."
"playtest_welcome_title","Welcome to the
BLADESONG DEMO","Welcome Message when launching the game. Headline."
"playtest_welcome_text","<b>NEW GAME</> starts Bladesong’s Story Mode with a tutorial and a preview of gameplay, progression and narrative.

<b>CREATIVE MODE</> allows for pure expressive swordmaking without gameplay restrictions.","Welcome Message when launching the game."
"game_analytics_note","We are gathering anonymous player statistics to help us improve the game.","Welcome Message when launching the game. Disclaimer."
"game_analytics_button_decline","No analytics","Button caption, the player declines analytics"
"playtest_end_title","Thank you for playing the Bladesong Demo!","Displayed when the player has played through the available story."
"bladesong_releaseinfo","Bladesong launches into Early Access in 2025!",""
"localization_disclaimer","A small amount of text in this version will be displayed in English as it is not yet translated. The release version of the game will be fully translated.","Disclaimer displayed at the start of the game"
"campaignmode_section_swordphysics","Físicas","Section title for sword physical properties like blade length, weight and balance"
"campaignmode_section_swordratings","Valoraciones","Section title for sword ratings like stiffness, speed or impact"
"campaignmode_section_swordstyle","Estilo","Section title for sword style, listing materials, colours/pigments and used books"
"campaignmode_section_swordtraits","Rasgos","Section title for sword traits, like one-/two-handed, straight/curved, or Colourful Hilt"
"campaignmode_section_bladeabilities","Habilidades de la hoja","Section title for abilities used to edit the blade"
"campaignmode_section_swordpartlibrary","Librería","Section title for the library of sword parts and materials"
"campaignmode_caption_resource","Recursos","Caption in a table of resources used during swordmaking. Denotes the name of the resources."
"campaignmode_caption_resource_spent","Gastado","Caption in a table of resources used during swordmaking. Denotes how many of a resource was spend on the current sword."
"campaignmode_caption_resource_owned","Tienes","Caption in a table of resources used during swordmaking. Denotes how many of a resource the player still owns."
"campaignmode_caption_resource_used","Usado","Caption in a table of resources used during swordmaking. Denotes how many of a resource was spend on the current sword."
"campaignmode_caption_resource_remaining","Restante","Caption in a table of resources used during swordmaking. Denotes how many of a resource the player still owns."
"campaignmode_caption_resource_tooltip","{0}: gastado {1} de {2} disponible","Tooltip displayed to the player when they hover a resource display. Tells them how much of a resource (name inserted for {0}) they have spent (amount inserted for {1}), and how much they have available in total (inserted for {2})"
"campaignmode_unlocked_headline","Desbloqueado:","Headline displayed during level ups, above a list of unlocked new abilities or boons"
"campaignmode_unlocked_bladetapering","Ahusamiento de la hoja","A new gameplay feature unlocked with level ups"
"campaignmode_unlocked_extracontrols","Controles avanzados de propiedades de la hoja","A new gameplay feature unlocked with level ups"
"campaignmode_unlocked_swordpartscaling","Tamaño de componentes","A new gameplay feature unlocked with level ups"
"campaignmode_unlocked_swordpartbending","Conformado de piezas","A new gameplay feature unlocked with level ups"
"campaignmode_unlocked_engravings","Grabados","A new gameplay feature unlocked with level ups"
"campaignmode_unlocked_goldsmithing","Orfebrería.","A new gameplay feature unlocked with level ups"
"campaignmode_unlocked_asymmetry","Hojas asimétricas","A new gameplay feature unlocked with level ups"
"campaignmode_unlocked_fullers","Canaladuras","A new gameplay feature unlocked with level ups. A fuller is a central groove in the blade of the sword."
"campaignmode_unlocked_sidefullers","Canaladuras Laterales","A new gameplay feature unlocked with level ups. Side fullers are non-central, often symmetrical grooves in the blade of the sword."
"campaignmode_unlocked_curvedblades","Hojas curvas","A new gameplay feature unlocked with level ups"
"campaignmode_unlocked_bladepolishing","Pulido de hoja","A new gameplay feature unlocked with level ups"
"campaignmode_unlocked_plusactionpoints","+{Add} Puntos de Acción <AP/>","A gameplay improvement (more Action Points) unlocked with level ups. Amount is inserted for {Add}"
"item_interaction_salvage","Desguazar","An item interaction displayed next to the keybinding. This destroys/dismantles and item and yields resources in exchange."
"item_interaction_consume","Consumir","An item interaction displayed next to the keybinding. This consumes an item for (usually) positive effects."
"item_interaction_open","Abrir","An item interaction displayed next to the keybinding. This opens a container like a box or a pouch to retrieve what's inside."
"generic_controls_hold","{0} (mantener)","Generic string to use for button/key hold interactions, e.g. ""[F] (hold): Interact"""
"crosssection_friction_low","Buen corte.","Colour code on the cross-section analysis display: a green line means that this edge is good for cutting, because it has low friction."
"crosssection_friction_high","Ángulo demasiado agudo.","Colour code on the cross-section analysis display: a red line means that this edge is too steep and thus not good for cutting, because a lot of energy is lost to friction."
"creativemode_togglecontrols","Alternar controles de la hoja","Tooltip on button in creative mode to switch between hammer controls and slider controls, see key settingsmenu_bladecontrols_title"
"game_restartcomission","Reiniciar encargo","Button Caption in Story Mode to reset a commission."
"game_restartcomission_confirmation","Reiniciar este encargo restablecerá tu espada. Se te devolverán los recursos utilizados.","Confirmation displayed to the player when they reset a commission, i.e. refund their resources and start with a fresh sword"
"swordtrait_sharpness_razorsharp","Afilado extremo.","A trait of a sword: The Edge is razor-sharp"
"swordtrait_sharpness_razorsharp_tooltip","Afila los filos con un ángulo muy agudo. Estos filos se embotarán o mellarán con facilidad, pero estarán afilados como una navaja.",""
"swordtrait_sharpness_sturdy","Filo robusto.","A trait of a sword: The Edge is sturdy"
"swordtrait_sharpness_sturdy_tooltip","Afila los filos con un ángulo medio. No estarán afilados como una navaja, pero aguantarán sin embotarse fácilmente.",""
"swordtrait_sharpness_blunt","Filo romo","A trait of a sword: The Edge is blunt"
"swordtrait_sharpness_blunt_tooltip","Mantén los filos romos; esta espada no está diseñada para el corte.",""
"swordtrait_point_broad","Punta ancha","A trait of a sword: The sword needs a broad point, somewhat obtuse or rounded in shape"
"swordtrait_point_broad_tooltip","Forja una punta bastante ancha o redondeada. La estocada no es el propósito principal de esta espada.",""
"swordtrait_point_medium","Punta regular","A trait of a sword: The sword needs a regular point, balanced between broad and narrow"
"swordtrait_point_medium_tooltip","Forja una punta bien equilibrada: ni muy estrecha, ni muy ancha.",""
"swordtrait_point_narrow","Punta estrecha","A trait of a sword: The sword needs a narrow point, very acute in shape"
"swordtrait_point_narrow_tooltip","Forja una punta estrecha y aguda, ideal para estocadas.",""
"swordtrait_point_blunt","Punta roma","A trait of a sword: The sword needs a blunt point, e.g. fit for non-lethal combat."
"swordtrait_point_blunt_tooltip","Mantén la punta roma; esta espada no está diseñada para dar estocadas.",""
"swordtrait_peens","{0} remaches","A trait of a sword: The sword needs a given amount of parts"
"swordtrait_peens_tooltip","Usa al menos la cantidad indicada de remaches en tu espada.",""
"swordtrait_peens_unique","{0} remaches únicos","A trait of a sword: The sword needs a given amount of unique parts"
"swordtrait_peens_unique_tooltip","Usa al menos la cantidad indicada de remaches únicos en tu espada.",""
"swordtrait_risers","{0} resaltes","A trait of a sword: The sword needs a given amount of parts"
"swordtrait_risers_tooltip","Usa al menos la cantidad indicada de resaltes en tu espada.",""
"swordtrait_ferrules","{0} virolas","A trait of a sword: The sword needs a given amount of parts"
"swordtrait_ferrules_tooltip","Usa al menos la cantidad indicada de virolas en tu espada.",""
"swordtrait_engravings","{0} grabados","A trait of a sword: The sword needs a given amount of parts"
"swordtrait_engravings_tooltip","Usa al menos la cantidad indicada de grabados en tu espada.",""
"swordtrait_engravings_unique","{0} grabados únicos","A trait of a sword: The sword needs a given amount of unique parts"
"swordtrait_engravings_unique_tooltip","Usa al menos la cantidad indicada de grabados únicos en tu espada.",""
"swordtrait_polish_low","Pulido tosco","A trait of a sword"
"swordtrait_polish_low_tooltip","Mantén un acabado tosco en la hoja.",""
"swordtrait_polish_medium","Pulido mate","A trait of a sword"
"swordtrait_polish_medium_tooltip","Pule ligeramente la hoja para darle un acabado mate.",""
"swordtrait_polish_high","Pulido espejo","A trait of a sword"
"swordtrait_polish_high_tooltip","Pule la hoja para que refleje como un espejo.",""
"swordtrait_special_mysterioussigil","Usa el símbolo misterioso","A special sword trait, asking the player to use a specific engraving (the mysterious sigil)."
"swordtrait_special_mysterioussigil_tooltip","Graba el símbolo misterioso en cualquier parte de tu espada.","A special sword trait, asking the player to use a specific engraving (the mysterious sigil)."
"swordtrait_special_blackstone","Usa la piedra negra","A special sword trait, asking the player to use a specific part (the black stone, also known as the Eye of Nadredd)."
"swordtrait_special_blackstone_tooltip","Coloca el Ojo de Nadredd en cualquier parte de tu espada","A special sword trait, asking the player to use a specific part (the black stone, also known as the Eye of Nadredd)."
"forging_abilityhistory_empty_hint","Añade una habilidad para comenzar a moldear la hoja.","Placeholder text in applied abilities box when no abilities are added yet."
"skills_ability_swordsmithingbasics","Fundamentos de la forja de espadas","Skill title"
"skills_advancedswordsmithing","Forja avanzada de espadas","Skill title"
"skills_organisedmind","Mente organizada","Skill title"
"skills_curvedblade_mastery","Maestría en hojas curvas","Skill title"
"skills_straightblade_mastery","Maestría en hojas rectas","Skill title"
"skills_doubleedged_mastery","Maestría con espadas de doble filo","Skill title"
"skills_singleedged_mastery","Maestría con espadas de un solo filo","Skill title"
"skills_lightsword_mastery","Maestría con espadas ligeras","Skill title"
"skills_heavysword_mastery","Maestría con espadas pesadas","Skill title"
"skills_engraving","Grabador","Skill title"
"skills_engravingmaterials","Grabar materiales","Skill title"
"skills_engravingmaterials_unlock","Te permite aplicar materiales a los grabados",""
"skills_engraving_mastery","Maestría en grabados","Skill title"
"skills_cheaperresources","Acaparador","Skill title. Decreases the price of resources at vendors. ""Hoarder"" is a person who hoards a lot of something, in this case, resources."
"skills_cheaperresources_unlock","Los comerciantes ofrecen un {Mul}% de descuento en recursos.",""
"skills_betterbonusitems","Símbolo de confianza","Skill title. Customers give you more rewards, because they trust you and honour your work."
"skills_betterbonusitems_unlock","A veces los clientes otorgan mejores recompensas por encargo.",""
"skills_bettersellingprice","{Gender}|gender(Vendedor Habilidoso,Vendedora Habilidosa,Vendedor Habilidoso)","Skill title. Better prices when selling goods to vendors."
"skills_bettersellingprice_unlock","Los comerciantes pagan un {Mul}% más por cualquier cosa que vendas",""
"skills_reducedupkeep","Contabilidad","Skill title. Reduces daily upkeep through clever bookkeeping."
"skills_cheaperbooks","Ratón de biblioteca","Skill title. A bookworm is an avid reader; reduces the price of books at vendors."
"skills_cheaperbooks_unlock","Los comerciantes ofrecen un {Mul}% de descuento en libros.",""
"skills_material_mastery","Maestría Material",""
"skills_advancedbladeshaping","Forjado avanzado de la hoja",""
"skills_flamboyance_unlock","Desbloquea la habilidad: Ondulación",""
"skills_narrowgrind_unlock","Desbloquea la habilidad: Estrechar (afilado)",""
"skills_sidefullers","Habilidad: Canaladuras Laterales",""
"skills_advancedpolishing","Habilidad: Pulido avanzado",""
"skills_advancedpolishing_unlock","Desbloquea variantes avanzadas de pulido.","Text inside the sanding skill window in management mode skill tree, showing the player the exact ability that will be unlocked by learning this skill."
"forging_hint_notenoughresources_icon","No hay suficiente {0}","Warning displayed when the player doesn't have enough of a specific resource for an action. The icon of the resource will be inserted for {0}."
"forging_button_addability","Añade una habilidad para dar forma a la hoja.",""
"forging_button_togglehammerdirection","Cambia la dirección de tu martillado. Úsalo para deshacer cambios.","Tooltip on a button to toggle hammering direction. E.g., if the player previous broadened a sword with each hammer stroke, they will after clicking the button narrow it with each hamme stroke."
"forging_button_deleteability","Eliminar la habilidad de hoja seleccionada.","Tooltip on a button"
"forging_button_bladeside","Alterna si una habilidad afecta ambos lados de la hoja, o solo el izquierdo/derecho.","Tooltip of the symmetry button, where players can change the side of the blade they are working on."
"skills_scaling_title","Escalado de partes de la espada","Skill title. Allows making sword parts bigger or smaller."
"skills_scaling_unlock","Permite escalar las partes de la espada.",""
"skills_treasurehunter","Cazatesoros",""
"skills_treasurehunter_unlock","Tu cazador de tesoros tiene más probabilidades de volver con hallazgos más valiosos.","The dog Chlodo brings home treasure once in a while. This skill increases both frequency and value of this treasure."
"skills_focusfunctional","Maestría práctica",""
"skills_focusfunctional_unlock","Los encargos centrados en la funcionalidad pagan un {Mul}% más.",""
"skills_focusdecorative","Maestría estética",""
"skills_focusdecorative_unlock","Los encargos centrados en la estética pagan un {Mul}% más.",""
"skills_unlock_engraving","Desbloquea el grabado de la hoja y las partes de la espada.",""
"skills_unlock_increaseattribute_toughness","Aumenta tu Entereza en {Add}.","Skill effect, increasing the player's attribute. Please refer to attribute_toughness"
"skills_unlock_increaseattribute_diplomacy","Aumenta tu Diplomacia en {Add}.","Skill effect, increasing the player's attribute. Please refer to attribute_diplomacy"
"skills_unlock_increaseattribute_knowledge","Aumenta tu Conocimiento en {Add}.","Skill effect, increasing the player's attribute. Please refer to attribute_knowledge"
"skills_unlock_increaseattribute_finesse","Aumenta tu Pericia en {Add}.","Skill effect, increasing the player's attribute. Please refer to attribute_finesse"
"skills_unlock_increaseattribute_generic","Aumenta tu {Stat} en {Add}.","Skill effect, increasing a player's stat. A name or icon might be inserted for {Stat}. If the target language is gendered, please work around the unknown gender of {Stat}."
"demo_cta_wishlistnow","Demo – Wishlist Now!","Denoting the current version being played (demo version), and asking the player to wishlist"
"demo_cta_buynow","Demo – Buy Now!","Denoting the current version being played (demo version), and asking the player to buy now"
"cta_button_wishlist","Add to Wishlist","Button for the player to open the Steam page and add Bladesong to their wishlist"
"cta_button_buy","Buy Bladesong","Button for the player to open the Steam page and buy Bladesong"
"demo_limitation_generic","Available in the full game.","Tooltip or similar hint shown on things disabled in the demo version, available in the full game."
"demo_limitation_3dprinting","STL export for 3D printing is available in the full version of Bladesong.","Displayed in the Bladesong Demo. Exporting your swords for 3D printing is only available in the paid version. The STL file format is a common format used in 3D printing."
"demo_limitation_viewonly","In the demo version, this sword may only be viewed. Edit swords without limits in the full game.","Displayed in the Bladesong Demo. Exporting your swords for 3D printing is only available in the paid version. The STL file format is a common format used in 3D printing."
"demo_limitation_viewonly_viewbutton","View the sword","A button displayed alongside the demo_limitation_viewonly hint. When clicked, the sword is displayed and the player can view it."
"demo_ads_thankyou","Thank you for trying out Bladesong!","Message displayed on a screen asking the player to buy the full game"
"demo_ads_demoendsfornow","The demo ends here ... for now.","Message displayed on a screen asking the player to buy the full game"
"demo_ads_demoends","The demo ends here.","Message displayed on a screen asking the player to buy the full game"
"demo_usp_erenkeepforge","Entrar a la Fortaleza de Eren para reclamar tu forja","Selling point displayed on a screen asking the player to buy the full game"
"demo_usp_unlockpartsandmaterials","Unlock a wealth of sword parts and materials","Selling point displayed on a screen asking the player to buy the full game"
"demo_usp_crew","Find loyal companions and build your crew","Selling point displayed on a screen asking the player to buy the full game"
"demo_usp_factions","Uncover Eren Keep’s secrets and earn the trust of its various factions","Selling point displayed on a screen asking the player to buy the full game"
"demo_ads_moreswordmaking","More swordmaking awaits in the full game!","Message displayed on a screen asking the player to buy the full game"
"demo_usp_ultimateswordmaking","Craft legendary swords in the ultimate swordmaking game","Message displayed on a screen asking the player to buy the full game"
"demo_usp_claimforge","Claim your forge in Eren Keep and hire loyal companions","Selling point displayed on a screen asking the player to buy the full game"
"demo_usp_limitlessswordmaking","Limitless swordmaking with all abilities, sword parts and materials","Selling point displayed on a screen asking the player to buy the full game"
"demo_usp_sharing","Share editable swords using Magic Words and export them for 3D printing","Selling point displayed on a screen asking the player to buy the full game"
"demo_limitation_section_editableswords","Editable Swords ({0}/{1})","Headline for a section of swords the player is allowed to edit in the demo, also displaying the current number of editable swords {0} and the maximum number of editable swords that can be created {1}."
"demo_limitation_section_viewonly","Demo version – view only","Headline for a section of swords that can only be viewed, not edited in the demo version of Bladesong."
"demo_limitation_unlimitedslots","Create unlimited swords in the full game.","Message displayed on a screen asking the player to buy the full game"
"discord","Discord","A button or link for the player to join the official Bladesong Discord server, see https://discord.com/ if you are unfamiliar"
"creativemode_discord_tooltip","Find more Magic Words on the official Bladesong Discord!","A hint telling the player where to find more Magic Words sharecodes"
"demo_ads_3dprinting","Create an unlimited amount of swords in the full game!","Message displayed on a screen asking the player to buy the full game"
"demo_usp_editmagicwords","Freely edit swords from Magic Words share codes","Message displayed on a screen asking the player to buy the full game"
"demo_usp_environments","More environments for beautiful screenshots and videos","Message displayed on a screen asking the player to buy the full game"
"demo_usp_3dprinting","Export your swords for 3D printing","Message displayed on a screen asking the player to buy the full game"
"itemtype_all","Todo","Special item category for filtering: Show all items."
"itemtype_resource","Recursos","Item category displayed for resources like steel, wood, leather, gold..."
"itemtype_swordpartbook","Libros","Item category displayed for sword part books that teach the player new swords parts."
"itemtype_pigment","Pigmentos","Item category displayed for pigments that allow the player to dye leather."
"itemtype_consumable","Consumibles","Item category displayed for consumables like potions, food or edible herbs."
"itemtype_container","Contenedores","Item category displayed for containers that can be opened to reveal their contents (typically money or other items)."
"itemtype_salvageable","Chatarra","Item category displayed for things that can be salvaged to yield resources."
"itemtype_misc","Misc.","Item category displayed for miscellaneous items that can be salvaged for resources or sold."
"itemtype_questitem","Misión","Item category displayed for items relevant to an active quest."
"buff_hungover_name","Resacoso",""
"buff_hungover_description","Alguien bebió un poco de más. Reduce tus PA y tu Conocimiento.",""
"buff_wounded_name","Herido",""
"buff_wounded_description","Estás sufriendo, y tu productividad también. Reduce tus PA y tu Entereza.",""
"buff_exhausted_name","Cansado",""
"buff_exhausted_description","Tan… cansado… Reduce tus PA y tu Pericia.",""
"buff_wellfed_name","Bien alimentado",""
"buff_wellfed_description","Una comida abundante te ha preparado para el día. Aumenta tus PA y tu Entereza.",""
"buff_inspired_name","Inspirado",""
"buff_inspired_description","Estás lleno de energía y rebosante de ideas. Aumenta la XP ganada y tu Diplomacia.",""
"buff_disreputable_name","Deshonroso",""
"buff_disreputable_description","Se están difundiendo malos rumores. Reduce tus encargos diarios y tu Diplomacia.",""
"buff_haunted_name","Embrujado",""
"buff_haunted_description","La oscuridad se filtra en los bordes de tu visión. Reduce tus PA y todos tus atributos.",""
"faction_crows","Cuervos","Name of an in-game faction. The Crows are a loose bunch of mercenaries and scavengers who roam the wastelands and pick the loot off the dying world, or sell their sword to the highest bidder."
"faction_magisterium","Magisterio","Name of an in-game faction. The Magisterium is a highly organized group of scholars who have made it their mission to restore the world's body of knowledge after the game's cataclysmic events by gathering and copying every book they can."
"faction_houndsburgleague","Liga Houndsburg","Name of an in-game faction. The Houndsburg League are a powerful and ruthless trading organization. They offer protection to their members, and extortion to those who refuse to join their umbrella."
"game_questonholdmessage","Esta misión continuará en una futura actualización de acceso anticipado.",""
"game_questfinishedmessage","Esta misión ha concluido.",""
"game_cap_finishedmainquest","Has llegado al final de la misión principal de Bladesong. Tu aventura continuará en una futura actualización de acceso anticipado. Mientras tanto, siéntete libre de explorar misiones secundarias o probar el Modo Creativo.",""
"game_cap_maxlevel","Acabas de alcanzar el nivel {0}, que es el nivel máximo por el momento. Aún puedes acumular algo de EXP, pero no podrás avanzar al nivel {1}. Este límite se incrementará en una futura actualización de acceso anticipado.",""
"game_cap_maxfactionrank","Has alcanzado el rango máximo de la facción ({0} – rango {1}). Aún puedes ganar algo de reputación, pero no podrás avanzar al rango {2}. Este límite se incrementará en una futura actualización de acceso anticipado.",""
"commissiontype_focus","Enfoque: {0}","Displayed to the player to denote the focus of a commissions. A commission focus (functionl, aesthetics) is inserted for {0}."
"commissiontype_functional","Función",""
"commissiontype_decorative","Estético",""
"commissiontype_repair","Mantenimiento",""
"license_note","Antes de poder compartir o exportar tu creación, debes aceptar nuestros términos de uso específicos para el contenido generado.","Message displayed to the player upon first open of the share/export menu."
"license_confirm","Confirmo que he leído y acepto los términos anteriores.","Caption on checkbox to confirm terms of use."
"privacypolicy","Política de privacidad","Caption of a link to the game's privacy policy."
"assettermsofuse","Términos de uso","Caption of a link to the game's terms of use for exported assets."
"celebration_factionrank","¡Rango alcanzado!","Displayed to the player when a new faction rank is reached."
"celebration_swordpartbook","¡Nuevo libro de partes de espada!","Displayed to the player when a new sword part book is obtained."
"celebration_pigment","¡Nuevo pigmento!","Displayed to the player when a dye/pigment is obtained, unlocking a new in-game colour for e.g. leather."
"celebration_questcompleted","¡Misión completada!","Displayed to the player when a quest is completed."
"celebration_swordparts","¡Nuevas partes de espada desbloqueadas!","Displayed to the player when a new sword part book is obtained, describing its effect (i.e. giving the player access to new sword parts)."
"campaignmode_caption_resourcepanel","Recursos usados","Caption of a panel showing the resources currently in use on a sword."